Feature,Coefficient
f12,0.6903912257543031
f2,0.614591185282959
f10,0.45040186152788836
f18,0.33618189936871623
f15,0.2686955463791781
f13,0.15915321767882343
f14,0.11745088788396542
f6,0.1084842384483038
f11,0.09113163594112185
f4,0.06292781721959682
f9,0.0256270370911072
f1,0.005050581677610085
f0,-0.004208286727649303
f17,-0.014168328648469867
f19,-0.04760764370598458
f7,-0.060825447126208076
f8,-0.06256744076692175
f3,-0.25770240788004944
f16,-0.5463880250817208
f5,-0.8874782671912261
