Feature,Importance
f5,0.22950993898557304
f12,0.1701743884675009
f2,0.09575115759527858
f16,0.07645656084973308
f3,0.0763532414102572
f7,0.07377764009868285
f15,0.07124511880877173
f14,0.07062542701331746
f10,0.03859274671691144
f18,0.03031808577819921
f19,0.02186814672800827
f0,0.019406570287451765
f6,0.0055200863640196786
f13,0.004776319208947374
f11,0.0031023320171580065
f4,0.00280373787295403
f8,0.002677241402237326
f17,0.002649714314917223
f9,0.0025355358183644532
f1,0.0018560102617164983
